	studio	ig page
0	edfdancestudio	https://www.instagram.com/edfdancestudio/
1	jmvdancestudiohk	https://www.instagram.com/jmvdancestudiohk/
2	funkytowndancehk	https://www.instagram.com/funkytowndancehk/
3	2livedancestudio	https://www.instagram.com/2livedancestudio/
4	endancestudio	https://www.instagram.com/endancestudio/
5	pulsedancehk	https://www.instagram.com/pulsedancehk/
6	1milliondance	https://www.instagram.com/1milliondance/
7	adz_dance_studio	https://www.instagram.com/adz_dance_studio/
8	nowzdancestudio	https://www.instagram.com/nowzdancestudio/
9	explore/locations/279861932/sodance-studio	https://www.instagram.com/explore/locations/279861932/sodance-studio/
10	boogiedancestudio	https://www.instagram.com/boogiedancestudio/
11	projectdancestudio	https://www.instagram.com/projectdancestudio/
12	explore/locations/1025196407/youth-square	https://www.instagram.com/explore/locations/1025196407/youth-square/
13	explore/locations/280630631/dance	https://www.instagram.com/explore/locations/280630631/dance/
14	explore/locations/1020503079/kwun-tong-sano-dance-studio	https://www.instagram.com/explore/locations/1020503079/kwun-tong-sano-dance-studio/
15	dancestudio_ash	https://www.instagram.com/dancestudio_ash/
16	explore/locations/332011990765403/the-warehouse-dance-studio	https://www.instagram.com/explore/locations/332011990765403/the-warehouse-dance-studio/
17	explore/locations/262234765/edf-dance-studio	https://www.instagram.com/explore/locations/262234765/edf-dance-studio/
18	explore/locations/2030219963730326/iconic-dance-studio-limited	https://www.instagram.com/explore/locations/2030219963730326/iconic-dance-studio-limited/
19	a_li_ve	https://www.instagram.com/a_li_ve/
20	hrcdancestudio	https://www.instagram.com/hrcdancestudio/
21	rutsdancestudio	https://www.instagram.com/rutsdancestudio/
22	sanodancestudio	https://www.instagram.com/sanodancestudio/
23	prepixstudio	https://www.instagram.com/prepixstudio/
24	explore/locations/185497828575872/wan-chai-sano-dance-studio	https://www.instagram.com/explore/locations/185497828575872/wan-chai-sano-dance-studio/
25	explore/locations/918056981636214/minia-dance-studio	https://www.instagram.com/explore/locations/918056981636214/minia-dance-studio/
26	viva_dance_studio	https://www.instagram.com/viva_dance_studio/
27	xdimensiondance	https://www.instagram.com/xdimensiondance/
28	odsbest	https://www.instagram.com/odsbest/
29	dance_studio_zone	https://www.instagram.com/dance_studio_zone/
30	explore/locations/551427388638207/aurora-dance-studio-hk	https://www.instagram.com/explore/locations/551427388638207/aurora-dance-studio-hk/
31	zoomrevolutiondancestudio	https://www.instagram.com/zoomrevolutiondancestudio/
32	miracle.dance.studio	https://www.instagram.com/miracle.dance.studio/
33	sgm_dance_production	https://www.instagram.com/sgm_dance_production/
34	explore/tags/dancestudio	https://www.instagram.com/explore/tags/dancestudio/
35	muse_moment	https://www.instagram.com/muse_moment/
36	warehousedancestudio	https://www.instagram.com/warehousedancestudio/
37	dancebeat_studio	https://www.instagram.com/dancebeat_studio/
38	ugstudiohk	https://www.instagram.com/ugstudiohk/
39	_yellowblack_	https://www.instagram.com/_yellowblack_/
40	bluedancemeguro	https://www.instagram.com/bluedancemeguro/
41	offstagebygrv	https://www.instagram.com/offstagebygrv/
42	explore/locations/1022893660/taikoo-sano-dance-studio	https://www.instagram.com/explore/locations/1022893660/taikoo-sano-dance-studio/
43	explore/locations/1419710955013479/nexus-dance-studio	https://www.instagram.com/explore/locations/1419710955013479/nexus-dance-studio/
44	sorealdancestudio	https://www.instagram.com/sorealdancestudio/
45	crystal_dance_studio	https://www.instagram.com/crystal_dance_studio/
46	nexus_dance	https://www.instagram.com/nexus_dance/
47	fresh_dance_studio	https://www.instagram.com/fresh_dance_studio/
48	auniondancestudio	https://www.instagram.com/auniondancestudio/
49	dance_lifestyle_hk	https://www.instagram.com/dance_lifestyle_hk/
50	aliendancestudio	https://www.instagram.com/aliendancestudio/
51	mia_dance_studio	https://www.instagram.com/mia_dance_studio/
52	dmaniacstudio	https://www.instagram.com/dmaniacstudio/
53	explore/locations/251905045/2live-dance-studio	https://www.instagram.com/explore/locations/251905045/2live-dance-studio/
54	explore/locations/667151330158998/dance-beat-studio	https://www.instagram.com/explore/locations/667151330158998/dance-beat-studio/
